{
  "mod_priorities": [
    "minecraft",
    "kubejs",
    "crafttweaker",
    "modern_industrialization",
    "mekanism",
    "occultism",
    "stellaris",
    "appliedenergistics2"
  ],
  "priority_overrides": {},
  "stone_variants": [
    "stone",
    "andesite",
    "deepslate",
    "diorite",
    "granite",
    "nether"
  ],
  "tags": [
    "c:dusts/{material}",
    "c:gears/{material}",
    "c:gems/{material}",
    "c:ingots/{material}",
    "c:nuggets/{material}",
    "c:ores/{material}",
    "c:plates/{material}",
    "c:raw_materials/{material}",
    "c:rods/{material}",
    "c:storage_blocks/raw_{material}",
    "c:storage_blocks/{material}",
    "c:wires/{material}"
  ],
  "ignored_tags": [],
  "ignored_items": [],
  "ignored_recipe_types": [
    "cucumber:shaped_tag"
  ],
  "ignored_recipe_ids": [],
  "recipe_viewer_hiding": true,
  "loot_unification": false,
  "ignored_loot_tables": []
}