{
  "__comment": "Instructions: https://blakesmods.com/docs/cucumber/tags-config",
  "forge:dusts/niter": "null",
  "forge:ingots/tin": "alltheores:tin_ingot",
  "forge:ingots/graphite": "bigreactors:graphite_ingot",
  "forge:gems/peridot": "null",
  "forge:ingots/silver": "alltheores:silver_ingot",
  "forge:ingots/titanium": "null",
  "forge:ingots/bronze": "alltheores:bronze_ingot",
  "forge:ingots/tungsten": "null",
  "forge:silicon": "ae2:silicon",
  "forge:ingots/electrum": "alltheores:electrum_ingot",
  "forge:ingots/lead": "alltheores:lead_ingot",
  "forge:ingots/aluminum": "alltheores:aluminum_ingot",
  "forge:ingots/constantan": "alltheores:constantan_ingot",
  "forge:ingots/steel": "alltheores:steel_ingot",
  "forge:ingots/platinum": "null",
  "forge:ingots/nickel": "alltheores:nickel_ingot",
  "forge:dusts/saltpeter": "bloodmagic:saltpeter",
  "forge:gems/ruby": "alltheores:ruby",
  "forge:ingots/chrome": "null",
  "forge:ingots/mithril": "null",
  "forge:rubber": "null",
  "forge:dusts/sulfur": "bloodmagic:sulfur",
  "forge:ingots/iridium": "alltheores:iridium_ingot",
  "forge:ingots/uranium": "bigreactors:yellorium_ingot",
  "forge:gems/sapphire": "null",
  "forge:gems/apatite": "null",
  "forge:ingots/invar": "alltheores:invar_ingot"
}invar_ingot"
}ngot"
}