{
  "__comment": "Instructions: https://blakesmods.com/docs/cucumber/tags-config",
  "forge:ingots/tungsten": "null",
  "forge:silicon": "ae2:silicon",
  "forge:dusts/saltpeter": "bloodmagic:saltpeter",
  "forge:ingots/platinum": "null",
  "forge:ingots/graphite": "bigreactors:graphite_ingot",
  "forge:ingots/aluminum": "immersiveengineering:ingot_aluminum",
  "forge:ingots/mithril": "null",
  "forge:ingots/iridium": "null",
  "forge:dusts/niter": "thermal:niter_dust",
  "forge:ingots/chrome": "null",
  "forge:ingots/titanium": "null",
  "forge:rubber": "null",
  "forge:gems/peridot": "null"
}