{
  "melter:melter_data": null,
  "apotheosis:spawner": null,
  "apotheosis:ench": null,
  "apotheosis:adventure": null,
  "shetiphiancore:hud": null,
  "corpse:corpse": null,
  "mcjtylib:jadeaddons": null,
  "lootr:info": null,
  "lootr:inventory": null,
  "create:blaze_burner": null,
  "create:copper_backtank": null,
  "create:contraption_inv": null,
  "create:hide_boiler_tanks": null,
  "create:crafting_blueprint": null,
  "create:placard": null,
  "create:exact_block": null,
  "create:filter": null,
  "create:goggles": null,
  "pneumaticcraft:pneumatic": null,
  "pneumaticcraft:semiblock": null,
  "pneumaticcraft:redstone": null,
  "pneumaticcraft:tube_module": null,
  "pneumaticcraft:entity": null,
  "pneumaticcraft:camo": null,
  "ars_nouveau:mob_jar": null,
  "extendedcrafting:crafting_core": null,
  "extendedcrafting:basic_table": null,
  "extendedcrafting:advanced_table": null,
  "extendedcrafting:elite_table": null,
  "extendedcrafting:ultimate_table": null,
  "extendedcrafting:basic_auto_table": null,
  "extendedcrafting:advanced_auto_table": null,
  "extendedcrafting:elite_auto_table": null,
  "extendedcrafting:ultimate_auto_table": null,
  "extendedcrafting:ender_crafter": null,
  "extendedcrafting:auto_ender_crafter": null,
  "extendedcrafting:flux_crafter": null,
  "extendedcrafting:compressor": null,
  "cookingforblockheads:milk_jar": null,
  "cookingforblockheads:toaster": null,
  "cookingforblockheads:oven": null,
  "cookingforblockheads:fridge": null,
  "cookingforblockheads:sink": null,
  "twilightforest:quest_ram_wool": null,
  "entangled:entangled_block_component": null,
  "endertanks:hud": null,
  "camera:image_frame": null,
  "create_mechanical_spawner:spawner_data": null,
  "waystones:waystone": null,
  "dimstorage:dim_block_base": null,
  "dimstorage:dim_tank": null,
  "mysticalagriculture:crop": null,
  "mysticalagriculture:inferium_crop": null,
  "mysticalagriculture:infused_farmland": null,
  "mysticalagradditions:infused_farmland": null,
  "avaritia:compressor_jade": null,
  "minecraft:brewing_stand": null,
  "minecraft:beehive": null,
  "minecraft:command_block": null,
  "minecraft:jukebox": null,
  "minecraft:lectern": null,
  "minecraft:redstone": null,
  "minecraft:furnace": null,
  "minecraft:chiseled_bookshelf": null,
  "minecraft:animal_owner": null,
  "minecraft:potion_effects": null,
  "minecraft:mob_growth": null,
  "minecraft:mob_breeding": null,
  "minecraft:chicken_egg": null,
  "minecraft:zombie_villager": null,
  "minecraft:block_states": null,
  "minecraft:horse_stats": null,
  "minecraft:item_frame": null,
  "minecraft:tnt_stability": null,
  "minecraft:note_block": null,
  "minecraft:armor_stand": null,
  "minecraft:painting": null,
  "minecraft:harvest_tool": null,
  "minecraft:enchantment_power": null,
  "minecraft:total_enchantment_power": null,
  "minecraft:player_head": null,
  "minecraft:item_ber": null,
  "minecraft:villager_profession": null,
  "minecraft:item_tooltip": null,
  "minecraft:falling_block": null,
  "minecraft:entity_health": null,
  "minecraft:entity_armor": null,
  "minecraft:crop_progress": null,
  "minecraft:mob_spawner": null,
  "minecraft:item_display": null,
  "minecraft:block_display": null,
  "minecraft:item_storage": null,
  "minecraft:fluid_storage": null,
  "minecraft:energy_storage": null,
  "minecraft:progress": null,
  "jade:object_name": null,
  "jade:registry_name": null,
  "jade:mod_name": null,
  "jade:distance": null,
  "jade:block_face": null,
  "ae2:server_data": null,
  "ae2:charger": null,
  "ae2:crafting_monitor": null,
  "ae2:pattern_provider": null,
  "ae2:power_storage": null,
  "ae2:grid_node_state": null,
  "ae2:debug": null,
  "ae2:part_name": null,
  "ae2:part_icon": null,
  "ae2:part_tooltip": null,
  "ae2:part_mod_name": null,
  "theurgy:mercury_flux": null,
  "enderchests:hud": null,
  "modularrouters:router": null,
  "mekanism:data_provider": null,
  "mekanism:entity_data_provider": null,
  "mekanism:tooltip_renderer": null,
  "mekanism:remove_builtin": null,
  "pipez:pipe": null,
  "projecte:emc_provider": null,
  "create:backtank_capacity": null,
  "tesseract:tesseract": null,
  "tesseract:remove_default": null,
  "reliquary:mortar": null,
  "reliquary:altar": null,
  "reliquary:cauldron": null,
  "reliquary:pedestal": null,
  "exnihilosequentia:barrel": null,
  "exnihilosequentia:crucible": null,
  "exnihilosequentia:sieve": null,
  "exnihilosequentia:infesting_leaves": null,
  "immersiveengineering:multiblock_icon": null,
  "portabletanks:portable_tank_component": null,
  "minecraft:campfire": null,
  "expatternprovider:tile_data": null,
  "expatternprovider:jade_wireless": null,
  "easy_villagers:villager": null,
  "easy_villagers:converter": null,
  "easy_villagers:breeder": null,
  "projecte:emc_provider": null,
  "apotheosis:spawner": null,
  "apotheosis:ench": null,
  "apotheosis:adventure": null,
  "shetiphiancore:hud": null,
  "corpse:corpse": null,
  "mcjtylib:jadeaddons": null,
  "lootr:info": null,
  "lootr:inventory": null,
  "create:blaze_burner": null,
  "create:backtank_capacity": null,
  "create:contraption_inv": null,
  "create:hide_boiler_tanks": null,
  "create:crafting_blueprint": null,
  "create:placard": null,
  "create:exact_block": null,
  "create:filter": null,
  "create:goggles": null,
  "tesseract:tesseract": null,
  "tesseract:remove_default": null,
  "pneumaticcraft:pneumatic": null,
  "pneumaticcraft:semiblock": null,
  "pneumaticcraft:redstone": null,
  "pneumaticcraft:tube_module": null,
  "pneumaticcraft:entity": null,
  "pneumaticcraft:camo": null,
  "minecraft:fluid_storage": null,
  "immersiveengineering:multiblock_icon": null,
  "portabletanks:portable_tank_component": null,
  "ars_nouveau:mob_jar": null,
  "extendedcrafting:crafting_core": null,
  "extendedcrafting:basic_table": null,
  "extendedcrafting:advanced_table": null,
  "extendedcrafting:elite_table": null,
  "extendedcrafting:ultimate_table": null,
  "extendedcrafting:basic_auto_table": null,
  "extendedcrafting:advanced_auto_table": null,
  "extendedcrafting:elite_auto_table": null,
  "extendedcrafting:ultimate_auto_table": null,
  "extendedcrafting:ender_crafter": null,
  "extendedcrafting:auto_ender_crafter": null,
  "extendedcrafting:flux_crafter": null,
  "extendedcrafting:compressor": null,
  "cookingforblockheads:milk_jar": null,
  "cookingforblockheads:toaster": null,
  "cookingforblockheads:oven": null,
  "cookingforblockheads:fridge": null,
  "cookingforblockheads:sink": null,
  "twilightforest:quest_ram_wool": null,
  "entangled:entangled_block_component": null,
  "endertanks:hud": null,
  "mekanism:data_provider": null,
  "mekanism:entity_data_provider": null,
  "mekanism:tooltip_renderer": null,
  "mekanism:remove_builtin": null,
  "pipez:pipe": null,
  "camera:image_frame": null,
  "waystones:waystone": null,
  "mysticalagriculture:crop": null,
  "mysticalagriculture:inferium_crop": null,
  "mysticalagriculture:infused_farmland": null,
  "mysticalagradditions:infused_farmland": null,
  "minecraft:brewing_stand": null,
  "minecraft:beehive": null,
  "minecraft:command_block": null,
  "minecraft:jukebox": null,
  "minecraft:lectern": null,
  "minecraft:redstone": null,
  "minecraft:furnace": null,
  "minecraft:chiseled_bookshelf": null,
  "minecraft:animal_owner": null,
  "minecraft:potion_effects": null,
  "minecraft:mob_growth": null,
  "minecraft:mob_breeding": null,
  "minecraft:chicken_egg": null,
  "minecraft:zombie_villager": null,
  "minecraft:campfire": null,
  "minecraft:block_states": null,
  "minecraft:horse_stats": null,
  "minecraft:item_frame": null,
  "minecraft:tnt_stability": null,
  "minecraft:note_block": null,
  "minecraft:armor_stand": null,
  "minecraft:painting": null,
  "minecraft:harvest_tool": null,
  "minecraft:enchantment_power": null,
  "minecraft:total_enchantment_power": null,
  "minecraft:player_head": null,
  "minecraft:item_ber": null,
  "minecraft:villager_profession": null,
  "minecraft:item_tooltip": null,
  "minecraft:falling_block": null,
  "minecraft:entity_health": null,
  "minecraft:entity_armor": null,
  "minecraft:crop_progress": null,
  "minecraft:mob_spawner": null,
  "minecraft:item_display": null,
  "minecraft:block_display": null,
  "minecraft:item_storage": null,
  "minecraft:energy_storage": null,
  "minecraft:progress": null,
  "jade:object_name": null,
  "jade:registry_name": null,
  "jade:mod_name": null,
  "jade:distance": null,
  "jade:block_face": null,
  "ae2:server_data": null,
  "ae2:charger": null,
  "ae2:crafting_monitor": null,
  "ae2:pattern_provider": null,
  "ae2:power_storage": null,
  "ae2:grid_node_state": null,
  "ae2:debug": null,
  "ae2:part_name": null,
  "ae2:part_icon": null,
  "ae2:part_tooltip": null,
  "ae2:part_mod_name": null,
  "expatternprovider:tile_data": null,
  "expatternprovider:jade_wireless": null,
  "easy_villagers:villager": null,
  "easy_villagers:converter": null,
  "easy_villagers:breeder": null,
  "reliquary:mortar": null,
  "reliquary:altar": null,
  "reliquary:cauldron": null,
  "reliquary:pedestal": null,
  "enderchests:hud": null,
  "modularrouters:router": null
}