{
  "version": 1,
  "scale": 1.0,
  "potencyScale": 0.699999988079071,
  "timerScale": 0.699999988079071,
  "potencyEnabled": true,
  "timerEnabled": true,
  "timerEnabledAmbient": false,
  "timerWarnEnabled": true,
  "timerFlashEnabled": true,
  "timerWarnTime": 20,
  "potencyColor": -1140850689,
  "potencyShadow": true,
  "potencyBack": false,
  "potencyBackColor": -1140850689,
  "timerColor": -1711276033,
  "timerWarnColor": -65536,
  "timerShadow": true,
  "timerBack": false,
  "timerBackColor": -1776213727,
  "potencyLocation": 2,
  "timerLocation": 6
}