{
  "info": "For documentation on what each item does, see the readme file on github: https://github.com/CartoonishVillain/Incapacitated",
  "merciful": 0,
  "canBreakOrInteractWithBlocks": false,
  "canJumpWhileDown": false,
  "hunter": false,
  "slow": false,
  "weakened": false,
  "regenerating": false,
  "unlimitedDowns": false,
  "downLogging": false,
  "reviveMessage": true,
  "foodReviveList": "minecraft:enchanted_golden_apple",
  "foodHealList": "minecraft:golden_apple",
  "downTicks": 2000,
  "reviveTicks": 150,
  "downCounter": 3,
  "glowingWhileDowned": true,
  "someInstantKills": true,
  "instantKills": "wither,lava,outOfWorld",
  "globalIncapMessage": true,
  "globalReviveMessage": true,
  "useSecondsForRevive": false,
  "healPercentageOfMaxHealth": true,
  "reviveHealth": 0.33,
  "reviveHunger": -1,
  "reviveSaturation": -1.0,
  "shouldDownTimeReset": false,
  "incapEffectData": [],
  "DANGERDisableGiveUp": false
}