{
  "name": "hardened",
  "disable": false,
  "tier": 1,
  "color": "C08500",
  "armorPoints": 2,
  "enchantability": 12,
  "craftingMaterial": "null",
  "creative": false,
  "rarity": 0,
  "toughness": 0.0,
  "knockbackResistance": 0.0,
  "curios": true,
  "capacity": 250000,
  "usage": 85,
  "speedVertical": 0.29,
  "accelVertical": 0.11,
  "speedSideways": 0.1,
  "speedHoverAscend": 0.23,
  "speedHoverDescend": 0.25,
  "speedHover": 0.092,
  "sprintSpeedMulti": 1.05,
  "sprintSpeedMultiVertical": 1.025,
  "sprintFuelMulti": 1.4
}